depth_km,n,median_neighbour_n,ratio,is_default,pct_of_rows
10.0,64843,238.0,272.4,True,34.57
600.0,225,2.0,112.5,False,0.12
35.0,11406,124.5,91.6,True,6.08
33.0,8455,131.5,64.3,True,4.51
500.0,92,2.0,46.0,False,0.05
300.0,43,0.0,43.0,False,0.02
400.0,30,1.5,20.0,False,0.02
30.0,2383,137.0,17.4,True,1.27
550.0,49,3.0,16.3,False,0.03
200.0,116,7.5,15.5,False,0.06
100.0,256,23.0,11.1,False,0.14
650.0,10,0.0,10.0,False,0.01
350.0,8,1.0,8.0,False,0.0
150.0,97,14.0,6.9,False,0.05
250.0,17,2.5,6.8,False,0.01
