column,pct_missing,n_missing,group
time,0.0,0,core
latitude,0.0,0,core
longitude,0.0,0,core
depth,0.0,0,core
mag,0.0,0,core
magType,0.0,0,core
nst,35.91,67367,quality
gap,9.23,17308,quality
dmin,48.01,90055,quality
rms,2.6,4877,quality
net,0.0,0,other
id,0.0,0,core
updated,0.0,0,other
place,0.0,0,other
type,0.0,0,other
horizontalError,51.95,97444,quality
depthError,29.9,56085,quality
magError,48.8,91546,quality
magNst,15.31,28719,quality
status,0.0,0,other
locationSource,0.0,0,other
magSource,0.0,0,other
first_seen_at,0.0,0,other
last_fetched_at,0.0,0,other
