cell_id,region,week,week_complete,n_events,normal_per_week,mean_mag,max_mag,mean_depth,spread_km,score,flagged
5_-85,Panama,2026-10-05,False,35,0.443,5.05,7.7,10.5,49.1,0.677,False
-25_175,south of the Fiji Islands,2026-10-05,False,4,0.55,4.68,5.0,513.4,23.2,0.596,False
-20_-180,Fiji,2026-10-05,False,3,2.321,4.8,5.1,600.6,65.8,0.592,False
5_-80,Panama,2026-10-05,False,6,0.178,4.6,4.9,27.5,147.6,0.556,False
-20_165,Vanuatu,2026-10-05,False,3,2.108,5.43,6.3,18.3,49.3,0.511,False
0_125,Indonesia,2026-10-05,False,4,3.705,5.03,5.2,27.8,138.6,0.486,False
-65_150,west of Macquarie Island,2026-10-05,False,1,0.091,5.9,5.9,10.0,0.0,0.482,False
-10_150,Papua New Guinea,2026-10-05,False,2,3.328,4.75,4.8,96.5,121.1,0.47,False
-5_140,Papua New Guinea,2026-10-05,False,2,0.674,4.6,4.6,65.9,157.1,0.469,False
50_160,Russia,2026-10-05,False,3,0.51,4.77,4.8,17.8,137.6,0.464,False
10_-90,Nicaragua,2026-10-05,False,2,1.191,4.7,4.8,186.0,76.4,0.46,False
-10_120,Indonesia,2026-10-05,False,4,0.625,4.82,5.0,30.0,67.8,0.451,False
-25_-180,south of the Fiji Islands,2026-10-05,False,1,3.257,4.9,4.9,130.4,0.0,0.444,False
-5_100,Indonesia,2026-10-05,False,3,1.174,4.7,4.9,54.8,110.4,0.435,False
50_155,Russia,2026-10-05,False,2,0.439,4.7,4.8,70.1,81.9,0.43,False
10_145,Guam,2026-10-05,False,1,0.568,5.3,5.3,111.6,0.0,0.425,False
-20_-175,Tonga,2026-10-05,False,1,2.864,4.5,4.5,79.4,0.0,0.424,False
-20_-70,Chile,2026-10-05,False,1,0.399,5.1,5.1,123.8,0.0,0.404,False
-25_165,New Caledonia,2026-10-05,False,2,1.497,4.75,4.8,10.0,24.1,0.402,False
35_-40,northern Mid-Atlantic Ridge,2026-10-05,False,1,0.029,4.8,4.8,10.0,0.0,0.386,False
30_140,Japan region,2026-10-05,False,1,0.923,4.6,4.6,95.6,0.0,0.373,False
30_-45,northern Mid-Atlantic Ridge,2026-10-05,False,1,0.12,4.9,4.9,10.0,0.0,0.361,False
-15_120,Indonesia,2026-10-05,False,1,0.141,4.9,4.9,10.0,0.0,0.36,False
10_120,Philippines,2026-10-05,False,1,0.674,4.6,4.6,10.0,0.0,0.359,False
