time_kept,id_kept,id_dropped,seconds_apart,km_apart,mag_kept,magType_kept,mag_dropped,magType_dropped,newest_updated_is_kept,place
2000-04-01 12:10:49.870000+00:00,usp0009qmh,usp0009qmj,5.7,5.9,5.6,mwc,4.6,mb,True,"216 km E of Levuka, Fiji"
2001-01-16 13:25:09.830000+00:00,usp000a7t0,usp000a7sz,8.8,8.0,6.9,mwb,6.0,mb,False,"59 km WSW of Bengkulu, Indonesia"
2004-07-18 03:58:06+00:00,usp000d0d1,usp000d0d0,8.9,2.1,5.0,mwc,4.7,mb,True,North Island of New Zealand
2004-12-27 10:46:38.970000+00:00,usp000dbv9,usp000dbva,8.7,2.9,5.4,mwc,5.3,mb,True,"221 km N of Bamboo Flat, India"
2005-03-09 18:27:41.070000+00:00,usp000dhw2,usp000dhw1,8.9,8.9,5.3,mb,5.0,mwc,False,off the west coast of northern Sumatra
2005-09-02 01:27:19.590000+00:00,ci14179736,ci12217067,1.0,2.8,5.08,mw,4.5,mh,False,"13km WNW of Calipatria, CA"
2005-10-08 05:08:41.580000+00:00,usp000e13n,usp000e13m,7.4,6.4,5.4,mb,4.5,mb,True,"19 km ESE of Battagram, Pakistan"
2005-10-08 11:20:12.990000+00:00,usp000e16h,usp000e16g,5.2,5.0,4.8,mb,4.7,mb,True,"4 km ENE of Battagram, Pakistan"
2005-10-18 21:20:06.240000+00:00,usp000e26b,usp000e26a,6.2,9.7,5.0,mwc,4.6,mb,True,"11 km N of Shingli Bala, Pakistan"
2006-10-01 04:52:45.470000+00:00,usp000eu71,usp000eu70,9.7,9.1,4.9,mwc,4.8,mb,True,Kuril Islands
2006-12-30 17:28:19.680000+00:00,usp000f1bk,usp000f1bh,8.7,6.0,5.0,mb,4.5,mb,True,"Komandorskiye Ostrova, Russia region"
2007-10-21 16:25:35.040000+00:00,usp000fr0q,usp000fr0p,9.8,6.2,5.6,mwc,4.5,mb,True,"157 km W of Bengkulu, Indonesia"
2008-10-06 08:45:10.770000+00:00,usp000gjgx,usp000gjgw,5.2,3.4,5.0,mb,4.7,mb,True,"34 km SW of Dêqên, China"
2008-10-31 23:05:15.540000+00:00,usp000gmjc,usp000gmjb,7.7,2.8,5.1,mwc,4.5,mb,False,"90 km S of Atka, Alaska"
2010-12-22 17:54:12.270000+00:00,usp000hrk9,usp000hrk8,8.9,3.6,4.8,mb,4.8,mb,True,"Bonin Islands, Japan region"
2011-03-13 09:12:15.680000+00:00,usp000hwu6,usp000hwu7,8.9,6.6,4.8,mb,4.6,mb,False,"226 km E of Namie, Japan"
2013-12-17 22:43:13.820000+00:00,usc000lml8,usc000lmkl,6.2,8.7,5.0,mb,4.6,mb,False,"222 km NNW of Tobelo, Indonesia"
2014-12-15 23:18:05+00:00,usc000t775,ak014g1kcyky,0.6,0.0,4.6,mb,4.6,mb,True,"Rat Islands, Aleutian Islands, Alaska"
2015-12-05 22:59:43.940000+00:00,us10004eba,us100044br,9.3,8.5,5.0,mb,4.9,mb,False,"76 km SW of Shihezi, China"
2016-12-17 17:59:42.270000+00:00,us10007prd,us10007pt2,6.9,6.0,4.5,mb,4.5,mb,True,"165 km ESE of Kokopo, Papua New Guinea"
2017-04-24 21:38:30.820000+00:00,us10008kce,us10008nnv,6.9,6.7,6.9,mww,4.8,mb,True,"40 km W of Valparaíso, Chile"
2018-11-30 17:32:36.962000+00:00,ak018fcnt7zk,ak018fcnt79k,9.4,9.8,4.6,ml,4.5,ml,True,"5 km SSE of Big Lake, Alaska"
2019-12-17 23:35:21.867000+00:00,us60006sxb,us70006u77,5.1,0.8,5.1,mww,4.5,mb,True,"88 km NNE of Nago, Japan"
2020-05-05 11:40:34.128000+00:00,us70009ad8,us70009adb,0.1,1.3,4.6,mb,4.5,mb,True,"98 km S of Néa Anatolí, Greece"
2020-07-22 10:08:38.832000+00:00,ak0209djmxho,ak0209djna3l,0.0,0.3,4.7,ml,4.7,ml,True,"98 km SSE of Perryville, Alaska"
2020-08-19 19:45:59.171000+00:00,us6000bhbu,ak020ao09isr,0.4,6.5,5.1,mww,5.1,mww,True,"45 km SSE of Sand Point, Alaska"
2021-02-27 18:59:25.296000+00:00,ak0212o88mof,ak0212o88mqd,0.0,0.0,5.3,mww,5.3,mww,True,"5 km SSE of Point MacKenzie, Alaska"
2021-03-06 07:16:29.302000+00:00,us7000dgdc,us7000dgdp,9.3,2.3,6.1,mww,5.6,mb,True,Kermadec Islands region
2021-07-11 02:11:36.562000+00:00,us6000eu9i,ak0218tkh08i,2.5,2.7,5.4,mww,5.4,mww,True,"282 km ESE of Attu Station, Alaska"
2021-08-24 03:18:46.094000+00:00,us7000f75b,us7000f74f,8.2,1.5,4.6,mb,4.5,mb,True,South Sandwich Islands region
2021-11-01 18:38:08.475000+00:00,us7000frrc,us7000fqkn,8.5,4.3,4.7,mb,4.6,mb,True,"253 km S of Sinabang, Indonesia"
2023-04-28 03:13:48.476000+00:00,us7000jwhe,us7000jwhc,4.1,8.0,6.6,mww,6.0,mb,False,south of the Fiji Islands
2023-05-06 19:38:56.372000+00:00,us6000ka2x,usd000jl9n,2.0,6.9,4.8,mb,4.8,mb,True,"158 km WNW of Tobelo, Indonesia"
2023-10-31 09:19:12.427000+00:00,us7000l7qj,us7000l8nt,9.4,3.4,4.8,mb,4.5,mb,False,"97 km N of Barishal, Pakistan"
2023-12-11 17:36:02.874000+00:00,usd001097g,us7000li73,0.2,3.8,5.0,mb,4.7,mb,False,"98 km SE of Kandrian, Papua New Guinea"
2025-07-30 00:16:06.520000+00:00,us6000qw6s,us6000r12j,9.8,7.1,6.2,mb,5.2,mb,True,"126 km SE of Vilyuchinsk, Russia"
2026-03-30 08:44:13.780000+00:00,us7000s8q0,us7000s8v7,6.2,9.2,7.3,mww,5.4,mb,False,"51 km ENE of Luganville, Vanuatu"
