eps1_km,eps2_days,min_samples,clusters,noise_pct,largest_cluster,longest_days,clusters_over_180d,capture Sumatra 2004,capture Tohoku 2011,capture Turkey 2023,capture Myanmar 2025,capture Kamchatka 2025,mean_capture
25,3,5,2048,79.3,1667,107.6,0,0.0,0.8,0.75,0.23,0.78,0.512
25,3,10,732,85.3,1456,60.0,0,0.0,0.69,0.09,0.0,0.73,0.301
25,7,5,2176,76.4,2065,155.3,0,0.0,0.95,0.78,0.23,0.91,0.573
25,7,10,779,82.6,1834,155.3,0,0.0,0.88,0.14,0.0,0.85,0.373
25,14,5,2382,73.8,2316,208.6,1,0.0,0.98,0.8,0.23,0.97,0.597
25,14,10,825,80.6,2151,168.2,0,0.0,0.96,0.14,0.0,0.89,0.398
25,30,5,2729,70.2,2738,436.6,16,0.0,0.99,0.82,0.27,0.98,0.613
25,30,10,891,78.1,2500,410.5,6,0.0,0.97,0.54,0.0,0.95,0.493
50,3,5,2354,75.8,2133,127.6,0,0.05,0.98,0.83,0.41,0.95,0.645
50,3,10,810,81.9,2000,72.5,0,0.0,0.93,0.82,0.0,0.88,0.527
50,7,5,2635,72.1,2475,187.7,1,0.86,1.0,0.85,0.41,0.99,0.823
50,7,10,873,79.1,2229,155.3,0,0.08,0.99,0.85,0.0,0.98,0.581
50,14,5,3131,67.9,2868,349.4,5,0.97,1.0,0.95,0.5,1.0,0.882
50,14,10,979,76.5,2569,201.6,1,0.11,1.0,0.94,0.0,1.0,0.609
50,30,5,3990,60.0,3441,722.7,68,0.97,1.0,0.95,0.55,1.0,0.894
50,30,10,1154,72.6,3160,497.3,19,0.12,1.0,0.95,0.0,1.0,0.612
100,3,5,2707,72.9,2552,127.6,0,0.92,1.0,0.87,0.41,1.0,0.839
100,3,10,866,80.0,2430,80.5,0,0.84,1.0,0.85,0.41,1.0,0.819
100,7,5,3567,66.5,2980,273.6,3,0.98,1.0,0.91,0.82,1.0,0.941
100,7,10,984,76.5,2757,155.3,0,0.98,1.0,0.89,0.45,1.0,0.865
100,14,5,4691,56.8,3679,711.2,10,0.99,1.0,0.98,1.0,1.0,0.994
100,14,10,1222,72.1,3357,457.1,6,0.99,1.0,0.98,0.68,1.0,0.929
100,30,5,4513,42.3,4453,1612.6,244,1.0,1.0,0.98,1.0,1.0,0.996
100,30,10,1763,61.6,3943,890.4,75,1.0,1.0,0.98,0.68,1.0,0.931
150,3,5,3101,70.5,2992,207.8,1,0.99,1.0,0.9,0.41,1.0,0.859
150,3,10,903,78.9,2572,89.7,0,0.98,1.0,0.87,0.41,1.0,0.851
150,7,5,4555,60.1,3616,488.1,3,1.0,1.0,0.98,1.0,1.0,0.996
150,7,10,1096,74.4,3047,273.6,3,0.99,1.0,0.91,0.73,1.0,0.925
150,14,5,5121,46.2,4561,1525.8,35,1.0,1.0,1.0,1.0,1.0,0.999
150,14,10,1603,66.6,3748,650.7,13,1.0,1.0,0.98,1.0,1.0,0.996
150,30,5,3686,31.1,19507,9378.2,192,1.0,1.0,1.0,1.0,1.0,0.999
150,30,10,1811,49.2,4643,1547.4,173,1.0,1.0,1.0,1.0,1.0,0.999
