id,time,first_seen_at,latitude,longitude,depth,mag,magType,place,cell_id
us6000u0xn,2026-10-08 10:07:28.642000+00:00,2026-10-10 12:36:03.972000+00:00,-18.0147,-178.4545,602.272,5.1,mb,"236 km E of Levuka, Fiji",-20_-180
us6000u0yr,2026-10-08 14:11:49.678000+00:00,2026-10-10 12:36:03.972000+00:00,-10.0202,122.2936,10.0,4.9,mb,"113 km NW of Baa, Indonesia",-15_120
us6000u0yy,2026-10-08 15:23:47.618000+00:00,2026-10-10 12:36:03.972000+00:00,-3.4591,101.5886,50.572,4.7,mb,"84 km WNW of Bengkulu, Indonesia",-5_100
us6000u10n,2026-10-08 18:06:00.577000+00:00,2026-10-10 12:36:03.972000+00:00,-9.2392,120.3127,91.156,4.8,mb,"46 km N of Waingapu, Indonesia",-10_120
us6000u10v,2026-10-08 18:32:03.544000+00:00,2026-10-10 12:36:03.972000+00:00,30.7337,140.6005,95.608,4.6,mb,"Izu Islands, Japan region",30_140
us6000u13m,2026-10-08 21:34:23.503000+00:00,2026-10-10 12:36:03.972000+00:00,30.537,-41.8267,10.0,4.9,mb,northern Mid-Atlantic Ridge,30_-45
us6000u13v,2026-10-09 05:11:04.200000+00:00,2026-10-10 12:36:03.972000+00:00,0.7587,125.9365,40.049,5.2,mb,"117 km SE of Bitung, Indonesia",0_125
us6000u13y,2026-10-09 05:17:04.106000+00:00,2026-10-10 12:36:03.972000+00:00,-24.309,-177.334,130.36,4.9,mb,south of the Fiji Islands,-25_-180
us6000u14e,2026-10-09 08:11:47.203000+00:00,2026-10-10 12:36:03.972000+00:00,-17.72,-178.3548,559.662,4.5,mb,"249 km E of Levuka, Fiji",-20_-180
us6000u14i,2026-10-09 08:27:10.358000+00:00,2026-10-10 12:36:03.972000+00:00,-17.9914,-179.7622,639.935,4.8,mb,"97 km E of Levuka, Fiji",-20_-180
us6000u14r,2026-10-09 09:17:18.680000+00:00,2026-10-10 12:36:03.972000+00:00,13.2209,120.7766,10.0,4.6,mb,"17 km NNE of Santa Cruz, Philippines",10_120
us6000u14u,2026-10-09 09:29:18.117000+00:00,2026-10-10 12:36:03.972000+00:00,35.3331,-35.5737,10.0,4.8,mb,northern Mid-Atlantic Ridge,35_-40
us6000u14w,2026-10-09 09:47:47.081000+00:00,2026-10-10 12:36:03.972000+00:00,-1.8867,100.2717,40.817,4.9,mb,"77 km ENE of Tuapejat, Indonesia",-5_100
us6000u153,2026-10-09 10:22:14.915000+00:00,2026-10-10 12:36:03.972000+00:00,-19.9128,-68.7905,123.835,5.1,mb,"72 km SSW of Colchane, Chile",-20_-70
us6000u15l,2026-10-09 12:33:43.985000+00:00,2026-10-10 12:36:03.972000+00:00,11.5951,-86.0613,165.662,4.8,mb,"17 km S of Nandaime, Nicaragua",10_-90
us6000u15x,2026-10-09 13:51:42.764000+00:00,2026-10-10 12:36:03.972000+00:00,-15.5361,168.1451,10.0,5.4,mww,"99 km NE of Norsup, Vanuatu",-20_165
us6000u164,2026-10-09 14:49:41.714000+00:00,2026-10-10 12:36:03.972000+00:00,-60.9758,154.4619,10.0,5.9,mww,west of Macquarie Island,-65_150
us6000u168,2026-10-09 15:18:55.617000+00:00,2026-10-10 12:36:03.972000+00:00,-24.7105,179.9109,501.59,4.6,mb,south of the Fiji Islands,-25_175
us6000u18d,2026-10-09 16:59:35.349000+00:00,2026-10-10 12:36:03.972000+00:00,52.2214,160.1309,33.508,4.7,mb,"138 km SE of Petropavlovsk-Kamchatsky, Russia",50_160
us6000u18e,2026-10-09 17:09:04.613000+00:00,2026-10-10 12:36:03.972000+00:00,51.8952,160.6987,10.0,4.8,mb,"191 km SE of Petropavlovsk-Kamchatsky, Russia",50_160
us6000u18k,2026-10-09 17:56:06.036000+00:00,2026-10-10 12:36:03.972000+00:00,7.5868,-80.769,12.647,7.7,mww,"12 km WSW of Pitaloza Arriba, Panama",5_-85
us6000u18t,2026-10-09 18:22:15.709000+00:00,2026-10-10 12:36:03.972000+00:00,7.586,-80.2885,10.0,5.5,mb,"3 km SW of Bajo Corral, Panama",5_-85
us6000u18x,2026-10-09 18:37:46.146000+00:00,2026-10-10 12:36:03.972000+00:00,7.4362,-80.4012,10.0,5.8,mb,"1 km S of El Cacao, Panama",5_-85
us6000u195,2026-10-09 18:47:04.065000+00:00,2026-10-10 12:36:03.972000+00:00,7.5783,-81.0943,10.0,5.0,mb,"19 km S of Leones Arriba, Panama",5_-85
us6000u194,2026-10-09 18:50:12.134000+00:00,2026-10-10 12:36:03.972000+00:00,7.3504,-80.1178,10.0,5.0,mb,"18 km S of Los Asientos, Panama",5_-85
us6000u197,2026-10-09 19:04:49.305000+00:00,2026-10-10 12:36:03.972000+00:00,7.6161,-81.2492,10.0,5.0,mb,"14 km SE of Río Grande, Panama",5_-85
us6000u198,2026-10-09 19:17:22.610000+00:00,2026-10-10 12:36:03.972000+00:00,7.6086,-81.0415,25.962,4.8,mb,"14 km SSW of Tebario, Panama",5_-85
us6000u19c,2026-10-09 19:32:19.273000+00:00,2026-10-10 12:36:03.972000+00:00,7.5147,-80.5899,10.0,4.7,mb,"8 km N of La Tronosa, Panama",5_-85
us6000u19e,2026-10-09 19:42:50.202000+00:00,2026-10-10 12:36:03.972000+00:00,7.5554,-80.2145,10.0,4.5,mb,"5 km N of Oria Arriba, Panama",5_-85
us6000u19i,2026-10-09 19:45:58.101000+00:00,2026-10-10 12:36:03.972000+00:00,7.5448,-80.1336,10.0,4.8,mb,"2 km N of Los Asientos, Panama",5_-85
us6000u19h,2026-10-09 19:48:55.624000+00:00,2026-10-10 12:36:03.972000+00:00,7.6417,-81.2677,10.0,5.2,mb,"11 km SE of Río Grande, Panama",5_-85
us6000u19v,2026-10-09 20:20:09.257000+00:00,2026-10-10 12:36:03.972000+00:00,-5.4312,152.1103,50.541,4.7,mb,"121 km S of Kokopo, Papua New Guinea",-10_150
us6000u19s,2026-10-09 20:20:23.334000+00:00,2026-10-10 12:36:03.972000+00:00,7.6169,-81.0268,10.0,4.9,mb,"12 km SSW of Tebario, Panama",5_-85
us6000u19t,2026-10-09 20:21:37.940000+00:00,2026-10-10 12:36:03.972000+00:00,7.4734,-80.5491,10.0,5.0,mb,"6 km NE of La Tronosa, Panama",5_-85
us6000u19w,2026-10-09 20:25:39.080000+00:00,2026-10-10 12:36:03.972000+00:00,7.7176,-81.4687,10.0,6.6,mww,"14 km W of Río Grande, Panama",5_-85
us6000u1a5,2026-10-09 20:41:04.293000+00:00,2026-10-10 12:36:03.972000+00:00,7.6771,-81.0923,10.0,4.9,mb,"8 km SSE of Leones Arriba, Panama",5_-85
us6000u1aa,2026-10-09 20:42:08.725000+00:00,2026-10-10 12:36:03.972000+00:00,7.7249,-81.4589,10.0,5.0,mb,"13 km W of Río Grande, Panama",5_-85
us6000u1a6,2026-10-09 20:54:56.367000+00:00,2026-10-10 12:36:03.972000+00:00,7.8349,-81.467,10.0,4.9,mb,"16 km SSW of Calidonia, Panama",5_-85
us6000u1a9,2026-10-09 21:05:25.304000+00:00,2026-10-10 12:36:03.972000+00:00,7.7299,-81.452,10.0,4.9,mb,"13 km W of Río Grande, Panama",5_-85
us6000u1ah,2026-10-09 21:19:16.481000+00:00,2026-10-10 12:36:03.972000+00:00,52.0441,157.5832,78.277,4.6,mb,"96 km NE of Ozernovskiy, Russia",50_155
us6000u1ai,2026-10-09 21:47:49.913000+00:00,2026-10-10 12:36:03.972000+00:00,7.7551,-81.319,10.0,4.6,mb,"4 km NNE of Río Grande, Panama",5_-85
us6000u1ax,2026-10-09 23:10:02.875000+00:00,2026-10-10 12:36:03.972000+00:00,7.3962,-80.5284,10.0,5.0,mb,"8 km ESE of La Tronosa, Panama",5_-85
us6000u1ay,2026-10-09 23:12:37.790000+00:00,2026-10-10 12:36:03.972000+00:00,7.4366,-80.0968,10.0,5.4,mb,"9 km SSE of Los Asientos, Panama",5_-85
us6000u1az,2026-10-09 23:23:13.082000+00:00,2026-10-10 12:36:03.972000+00:00,7.6651,-81.4005,10.0,4.9,mb,"9 km SW of Río Grande, Panama",5_-85
us6000u1b3,2026-10-09 23:54:22.924000+00:00,2026-10-10 12:36:03.972000+00:00,7.1444,-79.8903,10.0,4.5,mb,"45 km SSE of Pedasí, Panama",5_-80
us6000u1b4,2026-10-09 23:57:38.179000+00:00,2026-10-10 12:36:03.972000+00:00,7.7378,-81.4599,10.0,4.7,mb,"14 km W of Río Grande, Panama",5_-85
us6000u1b5,2026-10-10 00:03:04.799000+00:00,2026-10-10 12:36:03.972000+00:00,7.4053,-80.2957,10.0,4.8,mb,"5 km SW of Cañas, Panama",5_-85
us6000u1bh,2026-10-10 00:38:58.282000+00:00,2026-10-10 12:36:03.972000+00:00,-21.2633,168.6507,10.0,4.7,mb,"85 km ENE of Tadine, New Caledonia",-25_165
us6000u1bj,2026-10-10 00:51:48.773000+00:00,2026-10-10 12:36:03.972000+00:00,7.5164,-80.5568,10.0,4.6,mb,"9 km NNE of La Tronosa, Panama",5_-85
us6000u1bl,2026-10-10 01:11:47.812000+00:00,2026-10-10 12:36:03.972000+00:00,7.5302,-80.5858,10.0,4.7,mb,"10 km N of La Tronosa, Panama",5_-85
us6000u1bp,2026-10-10 01:35:47.527000+00:00,2026-10-10 12:36:03.972000+00:00,7.6272,-81.3237,10.0,4.6,mb,"10 km S of Río Grande, Panama",5_-85
us6000u1bs,2026-10-10 02:00:42.634000+00:00,2026-10-10 12:36:03.972000+00:00,1.416,126.3601,10.0,5.1,mb,"133 km WNW of Ternate, Indonesia",0_125
us6000u1bu,2026-10-10 02:26:32.740000+00:00,2026-10-10 12:36:03.972000+00:00,7.4178,-80.4348,10.0,5.1,mb,"1 km NNE of Tonosí, Panama",5_-85
us6000u1bw,2026-10-10 02:43:38.371000+00:00,2026-10-10 12:36:03.972000+00:00,7.5746,-81.2493,10.0,4.5,mb,"18 km SSE of Río Grande, Panama",5_-85
us6000u1cb,2026-10-10 03:56:17.471000+00:00,2026-10-10 12:36:03.972000+00:00,7.5141,-80.5849,10.0,4.7,mb,"8 km N of La Tronosa, Panama",5_-85
us6000u1cd,2026-10-10 03:58:18.250000+00:00,2026-10-10 12:36:03.972000+00:00,13.8594,145.0892,111.584,5.3,mb,"41 km NNE of Yigo Village, Guam",10_145
us6000u1cf,2026-10-10 04:14:01.786000+00:00,2026-10-10 12:36:03.972000+00:00,7.5068,-80.5985,10.0,6.0,mww,"7 km N of La Tronosa, Panama",5_-85
us6000u1ck,2026-10-10 04:33:03.219000+00:00,2026-10-10 12:36:03.972000+00:00,7.5239,-80.4791,10.0,4.5,mb,"9 km WNW of Flores, Panama",5_-85
us6000u1cv,2026-10-10 05:32:01.552000+00:00,2026-10-10 12:36:03.972000+00:00,1.6248,126.3886,10.0,5.0,mb,"141 km E of Bitung, Indonesia",0_125
us6000u1cx,2026-10-10 05:45:59.396000+00:00,2026-10-10 12:36:03.972000+00:00,5.267,-75.6127,115.143,4.5,mb,"6 km WSW of Filadelfia, Colombia",5_-80
us6000u1d1,2026-10-10 06:16:32.545000+00:00,2026-10-10 12:36:03.972000+00:00,7.3167,-79.9478,10.0,4.5,mb,"25 km SSE of Pedasí, Panama",5_-80
us6000u1d2,2026-10-10 06:18:55.288000+00:00,2026-10-10 12:36:03.972000+00:00,7.3663,-80.3171,10.0,4.9,mb,"10 km SSW of Cañas, Panama",5_-85
us6000u1d5,2026-10-10 06:27:09.602000+00:00,2026-10-10 12:36:03.972000+00:00,7.2969,-79.9827,10.0,4.7,mb,"26 km S of Pedasí, Panama",5_-80
us6000u1d7,2026-10-10 06:30:03.521000+00:00,2026-10-10 12:36:03.972000+00:00,7.2997,-79.9687,10.0,4.9,mb,"26 km SSE of Pedasí, Panama",5_-80
us6000u1db,2026-10-10 06:47:49.431000+00:00,2026-10-10 12:36:03.972000+00:00,7.4558,-79.9613,10.0,4.5,mb,"10 km SE of Pedasí, Panama",5_-80
us6000u1dc,2026-10-10 07:13:30.583000+00:00,2026-10-10 12:36:03.972000+00:00,7.6182,-80.5348,10.0,4.6,mb,"6 km SSE of Llano de Piedra, Panama",5_-85
us6000u1dm,2026-10-10 08:38:50.674000+00:00,2026-10-10 12:36:03.972000+00:00,-15.397,-173.7816,79.424,4.5,mb,"61 km N of Hihifo, Tonga",-20_-175
us6000u1dy,2026-10-10 09:42:58.899000+00:00,2026-10-10 12:36:03.972000+00:00,-2.8851,141.496,30.387,4.6,mb,"31 km SE of Vanimo, Papua New Guinea",-5_140
us6000u1e5,2026-10-10 10:35:11.922000+00:00,2026-10-10 12:36:03.972000+00:00,7.7463,-81.3092,10.0,4.8,mb,"4 km NE of Río Grande, Panama",5_-85
