year,nst,gap,dmin,rms,horizontalError,depthError,magError,magNst
2000,32.8,99.8,99.9,1.6,99.8,81.8,99.9,23.1
2001,0.7,99.7,99.8,2.4,99.7,86.9,99.9,22.7
2002,1.5,99.8,99.9,2.4,99.8,83.7,99.9,23.9
2003,0.7,13.7,99.8,3.1,99.7,84.5,99.9,23.3
2004,0.5,0.5,99.8,3.1,99.7,58.7,99.9,28.9
2005,0.3,0.3,99.9,3.4,99.8,69.1,99.9,29.9
2006,0.8,0.8,99.9,5.9,99.8,65.6,99.9,30.0
2007,0.7,0.7,99.9,6.7,99.8,63.2,99.9,30.1
2008,0.8,0.8,99.6,6.5,99.6,59.1,99.8,32.6
2009,1.2,1.2,99.8,7.0,99.7,60.4,99.8,34.3
2010,0.9,1.0,99.4,8.3,99.4,57.8,99.7,29.4
2011,0.4,0.4,99.9,6.3,99.9,44.1,99.8,23.8
2012,0.6,0.6,99.8,8.2,99.8,48.9,99.6,10.8
2013,43.1,3.1,59.9,3.9,99.7,25.3,59.6,48.9
2014,99.8,6.1,6.2,0.2,65.0,0.0,7.8,7.9
2015,99.8,4.0,4.2,0.2,0.6,0.0,8.8,8.9
2016,99.8,1.3,1.4,0.2,0.5,0.0,10.2,10.3
2017,99.9,0.8,0.8,0.2,0.6,0.0,2.2,2.4
2018,99.8,1.2,1.2,0.3,1.1,0.0,1.3,1.5
2019,99.1,1.0,1.1,0.3,1.0,0.0,1.3,1.2
2020,98.6,0.6,0.7,0.3,1.0,0.0,1.5,1.4
2021,99.7,0.7,0.7,0.2,0.7,0.0,1.1,1.2
2022,35.0,0.4,0.5,0.0,0.4,0.0,1.2,1.1
2023,0.4,0.4,0.4,0.0,0.4,0.0,1.2,1.0
2024,0.3,0.3,0.3,0.0,0.4,0.0,0.6,0.4
2025,0.4,0.4,0.4,0.0,0.4,0.0,0.5,0.4
2026,0.0,0.0,0.0,0.0,0.1,0.0,0.2,0.1
