cell_id,week,n_events,live_events,rate_ratio,mean_depth,spread_km,mean_mag,max_mag,score,flagged,place
5_-85,2026-10-05,35,35,79.0,10.5,49.1,5.05,7.7,0.6768,0,"4 km NE of Río Grande, Panama"
-25_175,2026-10-05,4,1,7.3,513.4,23.2,4.68,5.0,0.5958,0,south of the Fiji Islands
-20_-180,2026-10-05,3,3,1.3,600.6,65.8,4.8,5.1,0.592,0,"97 km E of Levuka, Fiji"
5_-80,2026-10-05,6,6,33.7,27.5,147.6,4.6,4.9,0.5559,0,"10 km SE of Pedasí, Panama"
-20_165,2026-10-05,3,1,1.4,18.3,49.3,5.43,6.3,0.5112,0,"99 km NE of Norsup, Vanuatu"
0_125,2026-10-05,4,3,1.1,27.8,138.6,5.03,5.2,0.4865,0,"141 km E of Bitung, Indonesia"
-65_150,2026-10-05,1,1,11.0,10.0,0.0,5.9,5.9,0.4817,0,west of Macquarie Island
-10_150,2026-10-05,2,1,0.6,96.5,121.1,4.75,4.8,0.4698,0,"121 km S of Kokopo, Papua New Guinea"
-5_140,2026-10-05,2,1,3.0,65.9,157.1,4.6,4.6,0.4687,0,"31 km SE of Vanimo, Papua New Guinea"
50_160,2026-10-05,3,2,5.9,17.8,137.6,4.77,4.8,0.4636,0,"191 km SE of Petropavlovsk-Kamchatsky, Russia"
10_-90,2026-10-05,2,1,1.7,186.0,76.4,4.7,4.8,0.4604,0,"17 km S of Nandaime, Nicaragua"
-10_120,2026-10-05,4,1,6.4,30.0,67.8,4.82,5.0,0.4509,0,"46 km N of Waingapu, Indonesia"
-25_-180,2026-10-05,1,1,0.3,130.4,0.0,4.9,4.9,0.4444,0,south of the Fiji Islands
-5_100,2026-10-05,3,2,2.6,54.8,110.4,4.7,4.9,0.4346,0,"77 km ENE of Tuapejat, Indonesia"
50_155,2026-10-05,2,1,4.6,70.1,81.9,4.7,4.8,0.43,0,"96 km NE of Ozernovskiy, Russia"
10_145,2026-10-05,1,1,1.8,111.6,0.0,5.3,5.3,0.4246,0,"41 km NNE of Yigo Village, Guam"
-20_-175,2026-10-05,1,1,0.3,79.4,0.0,4.5,4.5,0.4236,0,"61 km N of Hihifo, Tonga"
-20_-70,2026-10-05,1,1,2.5,123.8,0.0,5.1,5.1,0.4042,0,"72 km SSW of Colchane, Chile"
-25_165,2026-10-05,2,1,1.3,10.0,24.1,4.75,4.8,0.402,0,"85 km ENE of Tadine, New Caledonia"
35_-40,2026-10-05,1,1,34.8,10.0,0.0,4.8,4.8,0.3859,0,northern Mid-Atlantic Ridge
30_140,2026-10-05,1,1,1.1,95.6,0.0,4.6,4.6,0.3732,0,"Izu Islands, Japan region"
30_-45,2026-10-05,1,1,8.4,10.0,0.0,4.9,4.9,0.3614,0,northern Mid-Atlantic Ridge
-15_120,2026-10-05,1,1,7.1,10.0,0.0,4.9,4.9,0.3599,0,"113 km NW of Baa, Indonesia"
10_120,2026-10-05,1,1,1.5,10.0,0.0,4.6,4.6,0.3595,0,"17 km NNE of Santa Cruz, Philippines"
